timestamp,vehicle_count,people_count,traffic_status,crowd_status,location_type,time_of_day,day_type,advisory
2026-03-28 14:33:58,14,4,Medium Traffic,Sparse Crowd,road,afternoon,weekend,Moderate traffic flow. Monitor signal timing.
2026-03-28 14:33:58,14,4,Medium Traffic,Sparse Crowd,road,afternoon,weekend,Moderate traffic flow. Monitor signal timing.
2026-03-28 14:33:58,14,3,Medium Traffic,Sparse Crowd,road,afternoon,weekend,Moderate traffic flow. Monitor signal timing.
2026-03-28 14:33:58,15,5,Medium Traffic,Sparse Crowd,road,afternoon,weekend,Moderate traffic flow. Monitor signal timing.
2026-03-28 14:33:58,16,4,Medium Traffic,Sparse Crowd,road,afternoon,weekend,Moderate traffic flow. Monitor signal timing.
2026-03-28 14:33:58,17,4,Medium Traffic,Sparse Crowd,road,afternoon,weekend,Moderate traffic flow. Monitor signal timing.
2026-03-28 14:33:59,18,5,Medium Traffic,Sparse Crowd,road,afternoon,weekend,Moderate traffic flow. Monitor signal timing.
2026-03-28 14:33:59,18,5,Medium Traffic,Sparse Crowd,road,afternoon,weekend,Moderate traffic flow. Monitor signal timing.
2026-03-28 14:33:59,16,4,Medium Traffic,Sparse Crowd,road,afternoon,weekend,Moderate traffic flow. Monitor signal timing.
2026-03-28 14:33:59,17,8,Medium Traffic,Sparse Crowd,road,afternoon,weekend,Moderate traffic flow. Monitor signal timing.
2026-03-28 14:33:59,18,4,Medium Traffic,Sparse Crowd,road,afternoon,weekend,Moderate traffic flow. Monitor signal timing.
2026-03-28 14:33:59,18,6,Medium Traffic,Sparse Crowd,road,afternoon,weekend,Moderate traffic flow. Monitor signal timing.
2026-03-28 14:33:59,18,6,Medium Traffic,Sparse Crowd,road,afternoon,weekend,Moderate traffic flow. Monitor signal timing.
2026-03-28 14:33:59,22,5,Medium Traffic,Sparse Crowd,road,afternoon,weekend,Moderate traffic flow. Monitor signal timing.
2026-03-28 14:34:00,18,6,Medium Traffic,Sparse Crowd,road,afternoon,weekend,Moderate traffic flow. Monitor signal timing.
2026-03-28 14:34:00,21,2,Medium Traffic,Sparse Crowd,road,afternoon,weekend,Moderate traffic flow. Monitor signal timing.
2026-03-28 14:34:00,22,5,Medium Traffic,Sparse Crowd,road,afternoon,weekend,Moderate traffic flow. Monitor signal timing.
2026-03-28 14:34:00,21,6,Medium Traffic,Sparse Crowd,road,afternoon,weekend,Moderate traffic flow. Monitor signal timing.
2026-03-28 14:34:00,21,4,Medium Traffic,Sparse Crowd,road,afternoon,weekend,Moderate traffic flow. Monitor signal timing.
2026-03-28 14:34:00,17,3,Medium Traffic,Sparse Crowd,road,afternoon,weekend,Moderate traffic flow. Monitor signal timing.
2026-03-28 14:34:00,20,3,Medium Traffic,Sparse Crowd,road,afternoon,weekend,Moderate traffic flow. Monitor signal timing.
2026-03-28 14:34:01,20,5,Medium Traffic,Sparse Crowd,road,afternoon,weekend,Moderate traffic flow. Monitor signal timing.
2026-03-28 14:34:01,20,4,Medium Traffic,Sparse Crowd,road,afternoon,weekend,Moderate traffic flow. Monitor signal timing.
2026-03-28 14:34:01,18,2,Medium Traffic,Sparse Crowd,road,afternoon,weekend,Moderate traffic flow. Monitor signal timing.
2026-03-28 14:34:01,17,3,Medium Traffic,Sparse Crowd,road,afternoon,weekend,Moderate traffic flow. Monitor signal timing.
2026-03-28 14:34:01,16,4,Medium Traffic,Sparse Crowd,road,afternoon,weekend,Moderate traffic flow. Monitor signal timing.
2026-03-28 14:34:01,20,5,Medium Traffic,Sparse Crowd,road,afternoon,weekend,Moderate traffic flow. Monitor signal timing.
2026-03-28 14:34:01,17,4,Medium Traffic,Sparse Crowd,road,afternoon,weekend,Moderate traffic flow. Monitor signal timing.
2026-03-28 14:34:01,20,5,Medium Traffic,Sparse Crowd,road,afternoon,weekend,Moderate traffic flow. Monitor signal timing.
2026-03-28 14:34:02,18,4,Medium Traffic,Sparse Crowd,road,afternoon,weekend,Moderate traffic flow. Monitor signal timing.
2026-03-28 14:34:02,22,4,Medium Traffic,Sparse Crowd,road,afternoon,weekend,Moderate traffic flow. Monitor signal timing.
2026-03-28 14:34:02,22,4,Medium Traffic,Sparse Crowd,road,afternoon,weekend,Moderate traffic flow. Monitor signal timing.
2026-03-28 14:34:02,24,4,Medium Traffic,Sparse Crowd,road,afternoon,weekend,Moderate traffic flow. Monitor signal timing.
2026-03-28 14:34:02,19,3,Medium Traffic,Sparse Crowd,road,afternoon,weekend,Moderate traffic flow. Monitor signal timing.
2026-03-28 14:34:02,21,5,Medium Traffic,Sparse Crowd,road,afternoon,weekend,Moderate traffic flow. Monitor signal timing.
2026-03-28 14:34:02,21,7,Medium Traffic,Sparse Crowd,road,afternoon,weekend,Moderate traffic flow. Monitor signal timing.
2026-03-28 14:34:03,19,4,Medium Traffic,Sparse Crowd,road,afternoon,weekend,Moderate traffic flow. Monitor signal timing.
2026-03-28 14:34:03,19,4,Medium Traffic,Sparse Crowd,road,afternoon,weekend,Moderate traffic flow. Monitor signal timing.
2026-03-28 14:34:03,18,4,Medium Traffic,Sparse Crowd,road,afternoon,weekend,Moderate traffic flow. Monitor signal timing.
2026-03-28 14:34:03,18,4,Medium Traffic,Sparse Crowd,road,afternoon,weekend,Moderate traffic flow. Monitor signal timing.
2026-03-28 14:34:03,20,5,Medium Traffic,Sparse Crowd,road,afternoon,weekend,Moderate traffic flow. Monitor signal timing.
2026-03-28 14:34:03,22,5,Medium Traffic,Sparse Crowd,road,afternoon,weekend,Moderate traffic flow. Monitor signal timing.
2026-03-28 14:34:03,20,5,Medium Traffic,Sparse Crowd,road,afternoon,weekend,Moderate traffic flow. Monitor signal timing.
2026-03-28 14:34:03,21,6,Medium Traffic,Sparse Crowd,road,afternoon,weekend,Moderate traffic flow. Monitor signal timing.
2026-03-28 14:34:04,22,5,Medium Traffic,Sparse Crowd,road,afternoon,weekend,Moderate traffic flow. Monitor signal timing.
2026-03-28 14:34:04,22,6,Medium Traffic,Sparse Crowd,road,afternoon,weekend,Moderate traffic flow. Monitor signal timing.
2026-03-28 14:34:04,22,6,Medium Traffic,Sparse Crowd,road,afternoon,weekend,Moderate traffic flow. Monitor signal timing.
2026-03-28 14:34:04,18,6,Medium Traffic,Sparse Crowd,road,afternoon,weekend,Moderate traffic flow. Monitor signal timing.
2026-03-28 14:34:04,21,7,Medium Traffic,Sparse Crowd,road,afternoon,weekend,Moderate traffic flow. Monitor signal timing.
2026-03-28 14:34:04,19,6,Medium Traffic,Sparse Crowd,road,afternoon,weekend,Moderate traffic flow. Monitor signal timing.
2026-03-28 14:34:04,19,5,Medium Traffic,Sparse Crowd,road,afternoon,weekend,Moderate traffic flow. Monitor signal timing.
2026-03-28 14:34:04,17,7,Medium Traffic,Sparse Crowd,road,afternoon,weekend,Moderate traffic flow. Monitor signal timing.
2026-03-28 14:34:05,19,6,Medium Traffic,Sparse Crowd,road,afternoon,weekend,Moderate traffic flow. Monitor signal timing.
2026-03-28 14:34:05,22,6,Medium Traffic,Sparse Crowd,road,afternoon,weekend,Moderate traffic flow. Monitor signal timing.
2026-03-28 14:34:05,20,6,Medium Traffic,Sparse Crowd,road,afternoon,weekend,Moderate traffic flow. Monitor signal timing.
2026-03-28 14:34:05,22,6,Medium Traffic,Sparse Crowd,road,afternoon,weekend,Moderate traffic flow. Monitor signal timing.
2026-03-28 14:34:05,22,7,Medium Traffic,Sparse Crowd,road,afternoon,weekend,Moderate traffic flow. Monitor signal timing.
2026-03-28 14:34:05,22,7,Medium Traffic,Sparse Crowd,road,afternoon,weekend,Moderate traffic flow. Monitor signal timing.
2026-03-28 14:34:05,24,7,Medium Traffic,Sparse Crowd,road,afternoon,weekend,Moderate traffic flow. Monitor signal timing.
2026-03-28 14:34:06,21,4,Medium Traffic,Sparse Crowd,road,afternoon,weekend,Moderate traffic flow. Monitor signal timing.
2026-03-28 14:34:06,23,4,Medium Traffic,Sparse Crowd,road,afternoon,weekend,Moderate traffic flow. Monitor signal timing.
2026-03-28 14:34:06,22,4,Medium Traffic,Sparse Crowd,road,afternoon,weekend,Moderate traffic flow. Monitor signal timing.
2026-03-28 14:34:06,22,4,Medium Traffic,Sparse Crowd,road,afternoon,weekend,Moderate traffic flow. Monitor signal timing.
2026-03-28 14:34:06,20,4,Medium Traffic,Sparse Crowd,road,afternoon,weekend,Moderate traffic flow. Monitor signal timing.
2026-03-28 14:34:06,22,5,Medium Traffic,Sparse Crowd,road,afternoon,weekend,Moderate traffic flow. Monitor signal timing.
2026-03-28 14:34:06,20,5,Medium Traffic,Sparse Crowd,road,afternoon,weekend,Moderate traffic flow. Monitor signal timing.
2026-03-28 14:34:06,22,5,Medium Traffic,Sparse Crowd,road,afternoon,weekend,Moderate traffic flow. Monitor signal timing.
2026-03-28 14:34:07,19,5,Medium Traffic,Sparse Crowd,road,afternoon,weekend,Moderate traffic flow. Monitor signal timing.
2026-03-28 14:34:07,19,7,Medium Traffic,Sparse Crowd,road,afternoon,weekend,Moderate traffic flow. Monitor signal timing.
2026-03-28 14:34:07,21,6,Medium Traffic,Sparse Crowd,road,afternoon,weekend,Moderate traffic flow. Monitor signal timing.
2026-03-28 14:34:07,21,5,Medium Traffic,Sparse Crowd,road,afternoon,weekend,Moderate traffic flow. Monitor signal timing.
2026-03-28 14:34:07,21,6,Medium Traffic,Sparse Crowd,road,afternoon,weekend,Moderate traffic flow. Monitor signal timing.
2026-03-28 14:34:07,21,7,Medium Traffic,Sparse Crowd,road,afternoon,weekend,Moderate traffic flow. Monitor signal timing.
2026-03-28 14:34:07,21,6,Medium Traffic,Sparse Crowd,road,afternoon,weekend,Moderate traffic flow. Monitor signal timing.
2026-03-28 14:34:08,19,8,Medium Traffic,Sparse Crowd,road,afternoon,weekend,Moderate traffic flow. Monitor signal timing.
2026-03-28 14:34:08,21,6,Medium Traffic,Sparse Crowd,road,afternoon,weekend,Moderate traffic flow. Monitor signal timing.
2026-03-28 14:34:08,19,8,Medium Traffic,Sparse Crowd,road,afternoon,weekend,Moderate traffic flow. Monitor signal timing.
2026-03-28 14:34:08,18,7,Medium Traffic,Sparse Crowd,road,afternoon,weekend,Moderate traffic flow. Monitor signal timing.
2026-03-28 14:34:08,17,7,Medium Traffic,Sparse Crowd,road,afternoon,weekend,Moderate traffic flow. Monitor signal timing.
2026-03-28 14:34:08,17,6,Medium Traffic,Sparse Crowd,road,afternoon,weekend,Moderate traffic flow. Monitor signal timing.
2026-03-28 14:34:08,17,7,Medium Traffic,Sparse Crowd,road,afternoon,weekend,Moderate traffic flow. Monitor signal timing.
2026-03-28 14:34:08,17,6,Medium Traffic,Sparse Crowd,road,afternoon,weekend,Moderate traffic flow. Monitor signal timing.
2026-03-28 14:34:09,16,10,Medium Traffic,Sparse Crowd,road,afternoon,weekend,Moderate traffic flow. Monitor signal timing.
2026-03-28 14:34:09,17,7,Medium Traffic,Sparse Crowd,road,afternoon,weekend,Moderate traffic flow. Monitor signal timing.
2026-03-28 14:34:09,18,5,Medium Traffic,Sparse Crowd,road,afternoon,weekend,Moderate traffic flow. Monitor signal timing.
2026-03-28 14:34:09,17,5,Medium Traffic,Sparse Crowd,road,afternoon,weekend,Moderate traffic flow. Monitor signal timing.
2026-03-28 14:34:09,17,6,Medium Traffic,Sparse Crowd,road,afternoon,weekend,Moderate traffic flow. Monitor signal timing.
2026-03-28 14:34:09,16,6,Medium Traffic,Sparse Crowd,road,afternoon,weekend,Moderate traffic flow. Monitor signal timing.
2026-03-28 14:34:09,16,9,Medium Traffic,Sparse Crowd,road,afternoon,weekend,Moderate traffic flow. Monitor signal timing.
2026-03-28 14:34:10,16,4,Medium Traffic,Sparse Crowd,road,afternoon,weekend,Moderate traffic flow. Monitor signal timing.
2026-03-28 14:34:10,17,7,Medium Traffic,Sparse Crowd,road,afternoon,weekend,Moderate traffic flow. Monitor signal timing.
2026-03-28 14:34:10,18,6,Medium Traffic,Sparse Crowd,road,afternoon,weekend,Moderate traffic flow. Monitor signal timing.
2026-03-28 14:34:10,16,5,Medium Traffic,Sparse Crowd,road,afternoon,weekend,Moderate traffic flow. Monitor signal timing.
2026-03-28 14:34:10,17,7,Medium Traffic,Sparse Crowd,road,afternoon,weekend,Moderate traffic flow. Monitor signal timing.
2026-03-28 14:34:10,18,6,Medium Traffic,Sparse Crowd,road,afternoon,weekend,Moderate traffic flow. Monitor signal timing.
2026-03-28 14:34:10,15,7,Medium Traffic,Sparse Crowd,road,afternoon,weekend,Moderate traffic flow. Monitor signal timing.
2026-03-28 14:34:10,19,6,Medium Traffic,Sparse Crowd,road,afternoon,weekend,Moderate traffic flow. Monitor signal timing.
2026-03-28 14:34:11,18,6,Medium Traffic,Sparse Crowd,road,afternoon,weekend,Moderate traffic flow. Monitor signal timing.
2026-03-28 14:34:11,15,3,Medium Traffic,Sparse Crowd,road,afternoon,weekend,Moderate traffic flow. Monitor signal timing.
2026-03-28 14:34:11,15,5,Medium Traffic,Sparse Crowd,road,afternoon,weekend,Moderate traffic flow. Monitor signal timing.
2026-03-28 14:34:11,16,5,Medium Traffic,Sparse Crowd,road,afternoon,weekend,Moderate traffic flow. Monitor signal timing.
2026-03-28 14:34:11,16,7,Medium Traffic,Sparse Crowd,road,afternoon,weekend,Moderate traffic flow. Monitor signal timing.
2026-03-28 14:34:11,16,5,Medium Traffic,Sparse Crowd,road,afternoon,weekend,Moderate traffic flow. Monitor signal timing.
2026-03-28 14:34:11,17,4,Medium Traffic,Sparse Crowd,road,afternoon,weekend,Moderate traffic flow. Monitor signal timing.
2026-03-28 14:34:11,14,6,Medium Traffic,Sparse Crowd,road,afternoon,weekend,Moderate traffic flow. Monitor signal timing.
2026-03-28 14:34:12,13,3,Medium Traffic,Sparse Crowd,road,afternoon,weekend,Moderate traffic flow. Monitor signal timing.
2026-03-28 14:34:12,13,2,Medium Traffic,Sparse Crowd,road,afternoon,weekend,Moderate traffic flow. Monitor signal timing.
2026-03-28 14:34:12,13,2,Medium Traffic,Sparse Crowd,road,afternoon,weekend,Moderate traffic flow. Monitor signal timing.
2026-03-28 14:34:12,16,2,Medium Traffic,Sparse Crowd,road,afternoon,weekend,Moderate traffic flow. Monitor signal timing.
2026-03-28 14:34:12,15,2,Medium Traffic,Sparse Crowd,road,afternoon,weekend,Moderate traffic flow. Monitor signal timing.
2026-03-28 14:34:12,13,3,Medium Traffic,Sparse Crowd,road,afternoon,weekend,Moderate traffic flow. Monitor signal timing.
2026-03-28 14:34:12,12,2,Medium Traffic,Sparse Crowd,road,afternoon,weekend,Moderate traffic flow. Monitor signal timing.
2026-03-28 14:34:12,12,2,Medium Traffic,Sparse Crowd,road,afternoon,weekend,Moderate traffic flow. Monitor signal timing.
2026-03-28 14:34:13,13,3,Medium Traffic,Sparse Crowd,road,afternoon,weekend,Moderate traffic flow. Monitor signal timing.
2026-03-28 14:34:13,15,5,Medium Traffic,Sparse Crowd,road,afternoon,weekend,Moderate traffic flow. Monitor signal timing.
2026-03-28 14:34:13,16,4,Medium Traffic,Sparse Crowd,road,afternoon,weekend,Moderate traffic flow. Monitor signal timing.
2026-03-28 14:34:13,17,3,Medium Traffic,Sparse Crowd,road,afternoon,weekend,Moderate traffic flow. Monitor signal timing.
2026-03-28 14:34:13,18,3,Medium Traffic,Sparse Crowd,road,afternoon,weekend,Moderate traffic flow. Monitor signal timing.
2026-03-28 14:34:13,17,3,Medium Traffic,Sparse Crowd,road,afternoon,weekend,Moderate traffic flow. Monitor signal timing.
2026-03-28 14:34:13,16,5,Medium Traffic,Sparse Crowd,road,afternoon,weekend,Moderate traffic flow. Monitor signal timing.
2026-03-28 14:34:13,16,4,Medium Traffic,Sparse Crowd,road,afternoon,weekend,Moderate traffic flow. Monitor signal timing.
2026-03-28 14:34:14,16,3,Medium Traffic,Sparse Crowd,road,afternoon,weekend,Moderate traffic flow. Monitor signal timing.
2026-03-28 14:34:14,15,3,Medium Traffic,Sparse Crowd,road,afternoon,weekend,Moderate traffic flow. Monitor signal timing.
2026-03-28 14:34:14,16,3,Medium Traffic,Sparse Crowd,road,afternoon,weekend,Moderate traffic flow. Monitor signal timing.
2026-03-28 14:34:14,15,3,Medium Traffic,Sparse Crowd,road,afternoon,weekend,Moderate traffic flow. Monitor signal timing.
2026-03-28 14:34:14,15,3,Medium Traffic,Sparse Crowd,road,afternoon,weekend,Moderate traffic flow. Monitor signal timing.
2026-03-28 14:34:14,18,3,Medium Traffic,Sparse Crowd,road,afternoon,weekend,Moderate traffic flow. Monitor signal timing.
2026-03-28 14:34:14,17,4,Medium Traffic,Sparse Crowd,road,afternoon,weekend,Moderate traffic flow. Monitor signal timing.
2026-03-28 14:34:14,14,3,Medium Traffic,Sparse Crowd,road,afternoon,weekend,Moderate traffic flow. Monitor signal timing.
2026-03-28 14:34:15,13,3,Medium Traffic,Sparse Crowd,road,afternoon,weekend,Moderate traffic flow. Monitor signal timing.
2026-03-28 14:34:15,14,4,Medium Traffic,Sparse Crowd,road,afternoon,weekend,Moderate traffic flow. Monitor signal timing.
2026-03-28 14:34:15,15,4,Medium Traffic,Sparse Crowd,road,afternoon,weekend,Moderate traffic flow. Monitor signal timing.
2026-03-28 14:34:15,15,4,Medium Traffic,Sparse Crowd,road,afternoon,weekend,Moderate traffic flow. Monitor signal timing.
2026-03-28 14:34:15,15,6,Medium Traffic,Sparse Crowd,road,afternoon,weekend,Moderate traffic flow. Monitor signal timing.
2026-03-28 14:34:15,15,5,Medium Traffic,Sparse Crowd,road,afternoon,weekend,Moderate traffic flow. Monitor signal timing.
2026-03-28 14:34:15,15,6,Medium Traffic,Sparse Crowd,road,afternoon,weekend,Moderate traffic flow. Monitor signal timing.
2026-03-28 14:34:15,14,6,Medium Traffic,Sparse Crowd,road,afternoon,weekend,Moderate traffic flow. Monitor signal timing.
2026-03-28 14:34:16,14,8,Medium Traffic,Sparse Crowd,road,afternoon,weekend,Moderate traffic flow. Monitor signal timing.
2026-03-28 14:34:16,17,7,Medium Traffic,Sparse Crowd,road,afternoon,weekend,Moderate traffic flow. Monitor signal timing.
2026-03-28 14:34:16,15,4,Medium Traffic,Sparse Crowd,road,afternoon,weekend,Moderate traffic flow. Monitor signal timing.
2026-03-28 14:34:16,13,4,Medium Traffic,Sparse Crowd,road,afternoon,weekend,Moderate traffic flow. Monitor signal timing.
2026-03-28 14:34:16,14,5,Medium Traffic,Sparse Crowd,road,afternoon,weekend,Moderate traffic flow. Monitor signal timing.
2026-03-28 14:34:16,19,5,Medium Traffic,Sparse Crowd,road,afternoon,weekend,Moderate traffic flow. Monitor signal timing.
2026-03-28 14:34:16,14,5,Medium Traffic,Sparse Crowd,road,afternoon,weekend,Moderate traffic flow. Monitor signal timing.
2026-03-28 14:34:16,17,6,Medium Traffic,Sparse Crowd,road,afternoon,weekend,Moderate traffic flow. Monitor signal timing.
2026-03-28 14:34:17,17,5,Medium Traffic,Sparse Crowd,road,afternoon,weekend,Moderate traffic flow. Monitor signal timing.
2026-03-28 14:34:17,21,4,Medium Traffic,Sparse Crowd,road,afternoon,weekend,Moderate traffic flow. Monitor signal timing.
2026-03-28 14:34:17,18,4,Medium Traffic,Sparse Crowd,road,afternoon,weekend,Moderate traffic flow. Monitor signal timing.
2026-03-28 14:34:17,22,5,Medium Traffic,Sparse Crowd,road,afternoon,weekend,Moderate traffic flow. Monitor signal timing.
2026-03-28 14:34:17,20,4,Medium Traffic,Sparse Crowd,road,afternoon,weekend,Moderate traffic flow. Monitor signal timing.
2026-03-28 14:34:17,17,4,Medium Traffic,Sparse Crowd,road,afternoon,weekend,Moderate traffic flow. Monitor signal timing.
2026-03-28 14:34:17,15,5,Medium Traffic,Sparse Crowd,road,afternoon,weekend,Moderate traffic flow. Monitor signal timing.
2026-03-28 14:34:17,18,4,Medium Traffic,Sparse Crowd,road,afternoon,weekend,Moderate traffic flow. Monitor signal timing.
2026-03-28 14:34:18,21,5,Medium Traffic,Sparse Crowd,road,afternoon,weekend,Moderate traffic flow. Monitor signal timing.
2026-03-28 14:34:18,21,4,Medium Traffic,Sparse Crowd,road,afternoon,weekend,Moderate traffic flow. Monitor signal timing.
2026-03-28 14:34:18,19,7,Medium Traffic,Sparse Crowd,road,afternoon,weekend,Moderate traffic flow. Monitor signal timing.
2026-03-28 14:34:18,16,4,Medium Traffic,Sparse Crowd,road,afternoon,weekend,Moderate traffic flow. Monitor signal timing.
2026-03-28 14:34:18,17,4,Medium Traffic,Sparse Crowd,road,afternoon,weekend,Moderate traffic flow. Monitor signal timing.
2026-03-28 14:34:18,18,2,Medium Traffic,Sparse Crowd,road,afternoon,weekend,Moderate traffic flow. Monitor signal timing.
2026-03-28 14:34:18,14,4,Medium Traffic,Sparse Crowd,road,afternoon,weekend,Moderate traffic flow. Monitor signal timing.
2026-03-28 14:34:19,18,4,Medium Traffic,Sparse Crowd,road,afternoon,weekend,Moderate traffic flow. Monitor signal timing.
2026-03-28 14:34:19,16,3,Medium Traffic,Sparse Crowd,road,afternoon,weekend,Moderate traffic flow. Monitor signal timing.
2026-03-28 14:34:19,17,6,Medium Traffic,Sparse Crowd,road,afternoon,weekend,Moderate traffic flow. Monitor signal timing.
2026-03-28 14:34:19,17,2,Medium Traffic,Sparse Crowd,road,afternoon,weekend,Moderate traffic flow. Monitor signal timing.
2026-03-28 14:34:19,13,3,Medium Traffic,Sparse Crowd,road,afternoon,weekend,Moderate traffic flow. Monitor signal timing.
2026-03-28 14:34:19,16,3,Medium Traffic,Sparse Crowd,road,afternoon,weekend,Moderate traffic flow. Monitor signal timing.
2026-03-28 14:34:19,14,2,Medium Traffic,Sparse Crowd,road,afternoon,weekend,Moderate traffic flow. Monitor signal timing.
2026-03-28 14:34:19,15,1,Medium Traffic,Sparse Crowd,road,afternoon,weekend,Moderate traffic flow. Monitor signal timing.
2026-03-28 14:34:20,19,2,Medium Traffic,Sparse Crowd,road,afternoon,weekend,Moderate traffic flow. Monitor signal timing.
2026-03-28 14:34:20,17,2,Medium Traffic,Sparse Crowd,road,afternoon,weekend,Moderate traffic flow. Monitor signal timing.
2026-03-28 14:34:20,19,3,Medium Traffic,Sparse Crowd,road,afternoon,weekend,Moderate traffic flow. Monitor signal timing.
2026-03-28 14:34:20,19,3,Medium Traffic,Sparse Crowd,road,afternoon,weekend,Moderate traffic flow. Monitor signal timing.
2026-03-28 14:34:20,17,5,Medium Traffic,Sparse Crowd,road,afternoon,weekend,Moderate traffic flow. Monitor signal timing.
2026-03-28 14:34:20,18,2,Medium Traffic,Sparse Crowd,road,afternoon,weekend,Moderate traffic flow. Monitor signal timing.
2026-03-28 14:34:20,17,1,Medium Traffic,Sparse Crowd,road,afternoon,weekend,Moderate traffic flow. Monitor signal timing.
2026-03-28 14:34:20,19,2,Medium Traffic,Sparse Crowd,road,afternoon,weekend,Moderate traffic flow. Monitor signal timing.
2026-03-28 14:34:21,18,2,Medium Traffic,Sparse Crowd,road,afternoon,weekend,Moderate traffic flow. Monitor signal timing.
2026-03-28 14:34:21,18,5,Medium Traffic,Sparse Crowd,road,afternoon,weekend,Moderate traffic flow. Monitor signal timing.
2026-03-28 14:34:21,15,4,Medium Traffic,Sparse Crowd,road,afternoon,weekend,Moderate traffic flow. Monitor signal timing.
2026-03-28 14:34:21,15,6,Medium Traffic,Sparse Crowd,road,afternoon,weekend,Moderate traffic flow. Monitor signal timing.
2026-03-28 14:34:21,16,7,Medium Traffic,Sparse Crowd,road,afternoon,weekend,Moderate traffic flow. Monitor signal timing.
2026-03-28 14:34:21,16,2,Medium Traffic,Sparse Crowd,road,afternoon,weekend,Moderate traffic flow. Monitor signal timing.
2026-03-28 14:34:21,15,7,Medium Traffic,Sparse Crowd,road,afternoon,weekend,Moderate traffic flow. Monitor signal timing.
2026-03-28 14:34:21,18,4,Medium Traffic,Sparse Crowd,road,afternoon,weekend,Moderate traffic flow. Monitor signal timing.
2026-03-28 14:34:22,18,4,Medium Traffic,Sparse Crowd,road,afternoon,weekend,Moderate traffic flow. Monitor signal timing.
2026-03-28 14:34:22,16,6,Medium Traffic,Sparse Crowd,road,afternoon,weekend,Moderate traffic flow. Monitor signal timing.
2026-03-28 14:34:22,18,6,Medium Traffic,Sparse Crowd,road,afternoon,weekend,Moderate traffic flow. Monitor signal timing.
2026-03-28 14:34:22,16,7,Medium Traffic,Sparse Crowd,road,afternoon,weekend,Moderate traffic flow. Monitor signal timing.
2026-03-28 14:34:22,15,5,Medium Traffic,Sparse Crowd,road,afternoon,weekend,Moderate traffic flow. Monitor signal timing.
2026-03-28 14:34:22,14,6,Medium Traffic,Sparse Crowd,road,afternoon,weekend,Moderate traffic flow. Monitor signal timing.
2026-03-28 14:34:22,12,6,Medium Traffic,Sparse Crowd,road,afternoon,weekend,Moderate traffic flow. Monitor signal timing.
2026-03-28 14:34:22,16,5,Medium Traffic,Sparse Crowd,road,afternoon,weekend,Moderate traffic flow. Monitor signal timing.
2026-03-28 14:34:23,17,4,Medium Traffic,Sparse Crowd,road,afternoon,weekend,Moderate traffic flow. Monitor signal timing.
2026-03-28 14:34:23,17,5,Medium Traffic,Sparse Crowd,road,afternoon,weekend,Moderate traffic flow. Monitor signal timing.
2026-03-28 14:34:23,13,4,Medium Traffic,Sparse Crowd,road,afternoon,weekend,Moderate traffic flow. Monitor signal timing.
2026-03-28 14:34:23,17,4,Medium Traffic,Sparse Crowd,road,afternoon,weekend,Moderate traffic flow. Monitor signal timing.
2026-03-28 14:34:23,14,2,Medium Traffic,Sparse Crowd,road,afternoon,weekend,Moderate traffic flow. Monitor signal timing.
2026-03-28 14:34:23,16,1,Medium Traffic,Sparse Crowd,road,afternoon,weekend,Moderate traffic flow. Monitor signal timing.
2026-03-28 14:34:23,17,3,Medium Traffic,Sparse Crowd,road,afternoon,weekend,Moderate traffic flow. Monitor signal timing.
2026-03-28 14:34:23,14,4,Medium Traffic,Sparse Crowd,road,afternoon,weekend,Moderate traffic flow. Monitor signal timing.
2026-03-28 14:34:24,13,3,Medium Traffic,Sparse Crowd,road,afternoon,weekend,Moderate traffic flow. Monitor signal timing.
2026-03-28 14:34:24,15,1,Medium Traffic,Sparse Crowd,road,afternoon,weekend,Moderate traffic flow. Monitor signal timing.
2026-03-28 14:34:24,13,3,Medium Traffic,Sparse Crowd,road,afternoon,weekend,Moderate traffic flow. Monitor signal timing.
2026-03-28 14:34:24,15,5,Medium Traffic,Sparse Crowd,road,afternoon,weekend,Moderate traffic flow. Monitor signal timing.
2026-03-28 14:34:24,15,3,Medium Traffic,Sparse Crowd,road,afternoon,weekend,Moderate traffic flow. Monitor signal timing.
2026-03-28 14:34:24,13,4,Medium Traffic,Sparse Crowd,road,afternoon,weekend,Moderate traffic flow. Monitor signal timing.
2026-03-28 14:34:24,11,2,Medium Traffic,Sparse Crowd,road,afternoon,weekend,Moderate traffic flow. Monitor signal timing.
2026-03-28 14:34:24,13,3,Medium Traffic,Sparse Crowd,road,afternoon,weekend,Moderate traffic flow. Monitor signal timing.
2026-03-28 14:34:25,12,1,Medium Traffic,Sparse Crowd,road,afternoon,weekend,Moderate traffic flow. Monitor signal timing.
2026-03-28 14:34:25,13,2,Medium Traffic,Sparse Crowd,road,afternoon,weekend,Moderate traffic flow. Monitor signal timing.
2026-03-28 14:34:25,14,2,Medium Traffic,Sparse Crowd,road,afternoon,weekend,Moderate traffic flow. Monitor signal timing.
2026-03-28 14:34:25,15,5,Medium Traffic,Sparse Crowd,road,afternoon,weekend,Moderate traffic flow. Monitor signal timing.
2026-03-28 14:34:25,13,2,Medium Traffic,Sparse Crowd,road,afternoon,weekend,Moderate traffic flow. Monitor signal timing.
2026-03-28 14:34:25,14,1,Medium Traffic,Sparse Crowd,road,afternoon,weekend,Moderate traffic flow. Monitor signal timing.
2026-03-28 14:34:25,12,1,Medium Traffic,Sparse Crowd,road,afternoon,weekend,Moderate traffic flow. Monitor signal timing.
2026-03-28 14:34:25,13,3,Medium Traffic,Sparse Crowd,road,afternoon,weekend,Moderate traffic flow. Monitor signal timing.
2026-03-28 14:34:26,10,4,Medium Traffic,Sparse Crowd,road,afternoon,weekend,Moderate traffic flow. Monitor signal timing.
2026-03-28 14:34:26,12,3,Medium Traffic,Sparse Crowd,road,afternoon,weekend,Moderate traffic flow. Monitor signal timing.
2026-03-28 14:34:26,12,5,Medium Traffic,Sparse Crowd,road,afternoon,weekend,Moderate traffic flow. Monitor signal timing.
2026-03-28 14:34:26,17,6,Medium Traffic,Sparse Crowd,road,afternoon,weekend,Moderate traffic flow. Monitor signal timing.
2026-03-28 14:34:26,14,6,Medium Traffic,Sparse Crowd,road,afternoon,weekend,Moderate traffic flow. Monitor signal timing.
2026-03-28 14:34:26,14,5,Medium Traffic,Sparse Crowd,road,afternoon,weekend,Moderate traffic flow. Monitor signal timing.
2026-03-28 14:34:26,17,5,Medium Traffic,Sparse Crowd,road,afternoon,weekend,Moderate traffic flow. Monitor signal timing.
2026-03-28 14:34:26,15,8,Medium Traffic,Sparse Crowd,road,afternoon,weekend,Moderate traffic flow. Monitor signal timing.
2026-03-28 14:34:27,15,8,Medium Traffic,Sparse Crowd,road,afternoon,weekend,Moderate traffic flow. Monitor signal timing.
2026-03-28 14:34:27,13,6,Medium Traffic,Sparse Crowd,road,afternoon,weekend,Moderate traffic flow. Monitor signal timing.
2026-03-28 14:34:27,14,9,Medium Traffic,Sparse Crowd,road,afternoon,weekend,Moderate traffic flow. Monitor signal timing.
2026-03-28 14:34:27,14,7,Medium Traffic,Sparse Crowd,road,afternoon,weekend,Moderate traffic flow. Monitor signal timing.
2026-03-28 14:34:27,12,8,Medium Traffic,Sparse Crowd,road,afternoon,weekend,Moderate traffic flow. Monitor signal timing.
2026-03-28 14:34:27,13,10,Medium Traffic,Sparse Crowd,road,afternoon,weekend,Moderate traffic flow. Monitor signal timing.
2026-03-28 14:34:27,11,10,Medium Traffic,Sparse Crowd,road,afternoon,weekend,Moderate traffic flow. Monitor signal timing.
2026-03-28 14:34:28,12,9,Medium Traffic,Sparse Crowd,road,afternoon,weekend,Moderate traffic flow. Monitor signal timing.
2026-03-28 14:34:28,13,10,Medium Traffic,Sparse Crowd,road,afternoon,weekend,Moderate traffic flow. Monitor signal timing.
2026-03-28 14:34:28,10,7,Medium Traffic,Sparse Crowd,road,afternoon,weekend,Moderate traffic flow. Monitor signal timing.
2026-03-28 14:34:28,11,7,Medium Traffic,Sparse Crowd,road,afternoon,weekend,Moderate traffic flow. Monitor signal timing.
2026-03-28 14:34:28,11,5,Medium Traffic,Sparse Crowd,road,afternoon,weekend,Moderate traffic flow. Monitor signal timing.
2026-03-28 14:34:28,12,5,Medium Traffic,Sparse Crowd,road,afternoon,weekend,Moderate traffic flow. Monitor signal timing.
2026-03-28 14:34:28,11,6,Medium Traffic,Sparse Crowd,road,afternoon,weekend,Moderate traffic flow. Monitor signal timing.
2026-03-28 14:34:29,11,8,Medium Traffic,Sparse Crowd,road,afternoon,weekend,Moderate traffic flow. Monitor signal timing.
2026-03-28 14:34:29,14,7,Medium Traffic,Sparse Crowd,road,afternoon,weekend,Moderate traffic flow. Monitor signal timing.
2026-03-28 14:34:29,15,8,Medium Traffic,Sparse Crowd,road,afternoon,weekend,Moderate traffic flow. Monitor signal timing.
2026-03-28 14:34:29,12,6,Medium Traffic,Sparse Crowd,road,afternoon,weekend,Moderate traffic flow. Monitor signal timing.
2026-03-28 14:34:29,14,8,Medium Traffic,Sparse Crowd,road,afternoon,weekend,Moderate traffic flow. Monitor signal timing.
2026-03-28 14:34:29,13,9,Medium Traffic,Sparse Crowd,road,afternoon,weekend,Moderate traffic flow. Monitor signal timing.
2026-03-28 14:34:30,13,9,Medium Traffic,Sparse Crowd,road,afternoon,weekend,Moderate traffic flow. Monitor signal timing.
2026-03-28 14:34:30,14,8,Medium Traffic,Sparse Crowd,road,afternoon,weekend,Moderate traffic flow. Monitor signal timing.
2026-03-28 14:34:30,12,6,Medium Traffic,Sparse Crowd,road,afternoon,weekend,Moderate traffic flow. Monitor signal timing.
2026-03-28 14:34:30,14,5,Medium Traffic,Sparse Crowd,road,afternoon,weekend,Moderate traffic flow. Monitor signal timing.
2026-03-28 14:34:30,12,5,Medium Traffic,Sparse Crowd,road,afternoon,weekend,Moderate traffic flow. Monitor signal timing.
2026-03-28 14:34:30,12,6,Medium Traffic,Sparse Crowd,road,afternoon,weekend,Moderate traffic flow. Monitor signal timing.
2026-03-28 14:34:30,15,7,Medium Traffic,Sparse Crowd,road,afternoon,weekend,Moderate traffic flow. Monitor signal timing.
2026-03-28 14:34:31,16,8,Medium Traffic,Sparse Crowd,road,afternoon,weekend,Moderate traffic flow. Monitor signal timing.
2026-03-28 14:34:31,17,6,Medium Traffic,Sparse Crowd,road,afternoon,weekend,Moderate traffic flow. Monitor signal timing.
2026-03-28 14:34:31,14,8,Medium Traffic,Sparse Crowd,road,afternoon,weekend,Moderate traffic flow. Monitor signal timing.
2026-03-28 14:34:31,15,7,Medium Traffic,Sparse Crowd,road,afternoon,weekend,Moderate traffic flow. Monitor signal timing.
2026-03-28 14:34:31,15,7,Medium Traffic,Sparse Crowd,road,afternoon,weekend,Moderate traffic flow. Monitor signal timing.
2026-03-28 14:34:31,16,6,Medium Traffic,Sparse Crowd,road,afternoon,weekend,Moderate traffic flow. Monitor signal timing.
2026-03-28 14:34:32,15,7,Medium Traffic,Sparse Crowd,road,afternoon,weekend,Moderate traffic flow. Monitor signal timing.
2026-03-28 14:34:32,15,6,Medium Traffic,Sparse Crowd,road,afternoon,weekend,Moderate traffic flow. Monitor signal timing.
2026-03-28 14:34:32,14,7,Medium Traffic,Sparse Crowd,road,afternoon,weekend,Moderate traffic flow. Monitor signal timing.
2026-03-28 14:34:32,15,7,Medium Traffic,Sparse Crowd,road,afternoon,weekend,Moderate traffic flow. Monitor signal timing.
2026-03-28 14:34:32,14,7,Medium Traffic,Sparse Crowd,road,afternoon,weekend,Moderate traffic flow. Monitor signal timing.
2026-03-28 14:34:33,16,7,Medium Traffic,Sparse Crowd,road,afternoon,weekend,Moderate traffic flow. Monitor signal timing.
2026-03-28 14:34:33,16,9,Medium Traffic,Sparse Crowd,road,afternoon,weekend,Moderate traffic flow. Monitor signal timing.
2026-03-28 14:34:33,16,9,Medium Traffic,Sparse Crowd,road,afternoon,weekend,Moderate traffic flow. Monitor signal timing.
2026-03-28 14:34:34,13,6,Medium Traffic,Sparse Crowd,road,afternoon,weekend,Moderate traffic flow. Monitor signal timing.
2026-03-28 14:34:34,14,9,Medium Traffic,Sparse Crowd,road,afternoon,weekend,Moderate traffic flow. Monitor signal timing.
2026-03-28 14:34:35,14,7,Medium Traffic,Sparse Crowd,road,afternoon,weekend,Moderate traffic flow. Monitor signal timing.
2026-03-28 14:34:35,13,8,Medium Traffic,Sparse Crowd,road,afternoon,weekend,Moderate traffic flow. Monitor signal timing.
2026-03-28 14:34:35,13,5,Medium Traffic,Sparse Crowd,road,afternoon,weekend,Moderate traffic flow. Monitor signal timing.
2026-03-28 14:34:35,13,6,Medium Traffic,Sparse Crowd,road,afternoon,weekend,Moderate traffic flow. Monitor signal timing.
2026-03-28 14:34:36,14,6,Medium Traffic,Sparse Crowd,road,afternoon,weekend,Moderate traffic flow. Monitor signal timing.
2026-03-28 14:34:36,14,5,Medium Traffic,Sparse Crowd,road,afternoon,weekend,Moderate traffic flow. Monitor signal timing.
2026-03-28 14:34:36,12,4,Medium Traffic,Sparse Crowd,road,afternoon,weekend,Moderate traffic flow. Monitor signal timing.
2026-03-28 14:34:36,15,4,Medium Traffic,Sparse Crowd,road,afternoon,weekend,Moderate traffic flow. Monitor signal timing.
2026-03-28 14:34:37,15,5,Medium Traffic,Sparse Crowd,road,afternoon,weekend,Moderate traffic flow. Monitor signal timing.
2026-03-28 14:34:37,15,6,Medium Traffic,Sparse Crowd,road,afternoon,weekend,Moderate traffic flow. Monitor signal timing.
2026-03-28 14:34:37,14,8,Medium Traffic,Sparse Crowd,road,afternoon,weekend,Moderate traffic flow. Monitor signal timing.
2026-03-28 14:34:37,16,6,Medium Traffic,Sparse Crowd,road,afternoon,weekend,Moderate traffic flow. Monitor signal timing.
2026-03-28 14:34:38,16,10,Medium Traffic,Sparse Crowd,road,afternoon,weekend,Moderate traffic flow. Monitor signal timing.
2026-03-28 14:34:38,16,8,Medium Traffic,Sparse Crowd,road,afternoon,weekend,Moderate traffic flow. Monitor signal timing.
2026-03-28 14:34:38,14,8,Medium Traffic,Sparse Crowd,road,afternoon,weekend,Moderate traffic flow. Monitor signal timing.
2026-03-28 14:34:39,17,7,Medium Traffic,Sparse Crowd,road,afternoon,weekend,Moderate traffic flow. Monitor signal timing.
2026-03-28 14:34:39,18,8,Medium Traffic,Sparse Crowd,road,afternoon,weekend,Moderate traffic flow. Monitor signal timing.
2026-03-28 14:34:39,16,4,Medium Traffic,Sparse Crowd,road,afternoon,weekend,Moderate traffic flow. Monitor signal timing.
2026-03-28 14:34:39,15,5,Medium Traffic,Sparse Crowd,road,afternoon,weekend,Moderate traffic flow. Monitor signal timing.
2026-03-28 14:34:40,17,5,Medium Traffic,Sparse Crowd,road,afternoon,weekend,Moderate traffic flow. Monitor signal timing.
2026-03-28 14:34:40,18,4,Medium Traffic,Sparse Crowd,road,afternoon,weekend,Moderate traffic flow. Monitor signal timing.
2026-03-28 14:34:40,15,7,Medium Traffic,Sparse Crowd,road,afternoon,weekend,Moderate traffic flow. Monitor signal timing.
2026-03-28 14:34:40,15,4,Medium Traffic,Sparse Crowd,road,afternoon,weekend,Moderate traffic flow. Monitor signal timing.
2026-03-28 14:34:41,17,3,Medium Traffic,Sparse Crowd,road,afternoon,weekend,Moderate traffic flow. Monitor signal timing.
2026-03-28 14:34:41,14,4,Medium Traffic,Sparse Crowd,road,afternoon,weekend,Moderate traffic flow. Monitor signal timing.
2026-03-28 14:34:41,16,4,Medium Traffic,Sparse Crowd,road,afternoon,weekend,Moderate traffic flow. Monitor signal timing.
2026-03-28 14:34:41,16,5,Medium Traffic,Sparse Crowd,road,afternoon,weekend,Moderate traffic flow. Monitor signal timing.
2026-03-28 14:34:42,17,5,Medium Traffic,Sparse Crowd,road,afternoon,weekend,Moderate traffic flow. Monitor signal timing.
2026-03-28 14:34:42,16,5,Medium Traffic,Sparse Crowd,road,afternoon,weekend,Moderate traffic flow. Monitor signal timing.
2026-03-28 14:34:42,15,6,Medium Traffic,Sparse Crowd,road,afternoon,weekend,Moderate traffic flow. Monitor signal timing.
2026-03-28 14:34:42,19,4,Medium Traffic,Sparse Crowd,road,afternoon,weekend,Moderate traffic flow. Monitor signal timing.
2026-03-28 14:34:43,17,5,Medium Traffic,Sparse Crowd,road,afternoon,weekend,Moderate traffic flow. Monitor signal timing.
2026-03-28 14:34:43,17,6,Medium Traffic,Sparse Crowd,road,afternoon,weekend,Moderate traffic flow. Monitor signal timing.
2026-03-28 14:34:43,15,5,Medium Traffic,Sparse Crowd,road,afternoon,weekend,Moderate traffic flow. Monitor signal timing.
2026-03-28 14:34:43,17,4,Medium Traffic,Sparse Crowd,road,afternoon,weekend,Moderate traffic flow. Monitor signal timing.
2026-03-28 14:34:44,17,5,Medium Traffic,Sparse Crowd,road,afternoon,weekend,Moderate traffic flow. Monitor signal timing.
2026-03-28 14:34:44,15,6,Medium Traffic,Sparse Crowd,road,afternoon,weekend,Moderate traffic flow. Monitor signal timing.
2026-03-28 14:34:44,15,7,Medium Traffic,Sparse Crowd,road,afternoon,weekend,Moderate traffic flow. Monitor signal timing.
2026-03-28 14:34:44,14,4,Medium Traffic,Sparse Crowd,road,afternoon,weekend,Moderate traffic flow. Monitor signal timing.
2026-03-28 14:34:45,11,5,Medium Traffic,Sparse Crowd,road,afternoon,weekend,Moderate traffic flow. Monitor signal timing.
2026-03-28 14:34:45,14,3,Medium Traffic,Sparse Crowd,road,afternoon,weekend,Moderate traffic flow. Monitor signal timing.
2026-03-28 14:34:45,17,4,Medium Traffic,Sparse Crowd,road,afternoon,weekend,Moderate traffic flow. Monitor signal timing.
2026-03-28 14:34:45,15,4,Medium Traffic,Sparse Crowd,road,afternoon,weekend,Moderate traffic flow. Monitor signal timing.
2026-03-28 14:34:46,15,3,Medium Traffic,Sparse Crowd,road,afternoon,weekend,Moderate traffic flow. Monitor signal timing.
2026-03-28 14:34:46,14,7,Medium Traffic,Sparse Crowd,road,afternoon,weekend,Moderate traffic flow. Monitor signal timing.
2026-03-28 14:34:46,13,6,Medium Traffic,Sparse Crowd,road,afternoon,weekend,Moderate traffic flow. Monitor signal timing.
2026-03-28 14:34:46,13,6,Medium Traffic,Sparse Crowd,road,afternoon,weekend,Moderate traffic flow. Monitor signal timing.
2026-03-28 14:34:47,14,2,Medium Traffic,Sparse Crowd,road,afternoon,weekend,Moderate traffic flow. Monitor signal timing.
2026-03-28 14:34:47,14,6,Medium Traffic,Sparse Crowd,road,afternoon,weekend,Moderate traffic flow. Monitor signal timing.
2026-03-28 14:34:47,14,6,Medium Traffic,Sparse Crowd,road,afternoon,weekend,Moderate traffic flow. Monitor signal timing.
2026-03-28 14:34:48,16,6,Medium Traffic,Sparse Crowd,road,afternoon,weekend,Moderate traffic flow. Monitor signal timing.
2026-03-28 14:34:48,14,5,Medium Traffic,Sparse Crowd,road,afternoon,weekend,Moderate traffic flow. Monitor signal timing.
2026-03-28 14:34:48,15,5,Medium Traffic,Sparse Crowd,road,afternoon,weekend,Moderate traffic flow. Monitor signal timing.
2026-03-28 14:34:48,15,6,Medium Traffic,Sparse Crowd,road,afternoon,weekend,Moderate traffic flow. Monitor signal timing.
2026-03-28 14:34:49,16,6,Medium Traffic,Sparse Crowd,road,afternoon,weekend,Moderate traffic flow. Monitor signal timing.
2026-03-28 14:34:49,15,3,Medium Traffic,Sparse Crowd,road,afternoon,weekend,Moderate traffic flow. Monitor signal timing.
2026-03-28 14:34:49,16,5,Medium Traffic,Sparse Crowd,road,afternoon,weekend,Moderate traffic flow. Monitor signal timing.
2026-03-28 14:34:49,17,4,Medium Traffic,Sparse Crowd,road,afternoon,weekend,Moderate traffic flow. Monitor signal timing.
2026-03-28 14:34:50,16,3,Medium Traffic,Sparse Crowd,road,afternoon,weekend,Moderate traffic flow. Monitor signal timing.
2026-03-28 14:34:50,17,4,Medium Traffic,Sparse Crowd,road,afternoon,weekend,Moderate traffic flow. Monitor signal timing.
2026-03-28 14:34:50,18,3,Medium Traffic,Sparse Crowd,road,afternoon,weekend,Moderate traffic flow. Monitor signal timing.
2026-03-28 14:34:50,18,5,Medium Traffic,Sparse Crowd,road,afternoon,weekend,Moderate traffic flow. Monitor signal timing.
2026-03-28 14:34:51,19,4,Medium Traffic,Sparse Crowd,road,afternoon,weekend,Moderate traffic flow. Monitor signal timing.
2026-03-28 14:34:51,17,4,Medium Traffic,Sparse Crowd,road,afternoon,weekend,Moderate traffic flow. Monitor signal timing.
2026-03-28 14:34:51,19,6,Medium Traffic,Sparse Crowd,road,afternoon,weekend,Moderate traffic flow. Monitor signal timing.
2026-03-28 14:34:51,18,6,Medium Traffic,Sparse Crowd,road,afternoon,weekend,Moderate traffic flow. Monitor signal timing.
2026-03-28 14:34:52,19,5,Medium Traffic,Sparse Crowd,road,afternoon,weekend,Moderate traffic flow. Monitor signal timing.
2026-03-28 14:34:52,20,8,Medium Traffic,Sparse Crowd,road,afternoon,weekend,Moderate traffic flow. Monitor signal timing.
2026-03-28 14:34:52,18,7,Medium Traffic,Sparse Crowd,road,afternoon,weekend,Moderate traffic flow. Monitor signal timing.
2026-03-28 14:34:53,17,8,Medium Traffic,Sparse Crowd,road,afternoon,weekend,Moderate traffic flow. Monitor signal timing.
2026-03-28 14:34:53,18,6,Medium Traffic,Sparse Crowd,road,afternoon,weekend,Moderate traffic flow. Monitor signal timing.
2026-03-28 14:34:53,15,7,Medium Traffic,Sparse Crowd,road,afternoon,weekend,Moderate traffic flow. Monitor signal timing.
2026-03-28 14:34:53,15,10,Medium Traffic,Sparse Crowd,road,afternoon,weekend,Moderate traffic flow. Monitor signal timing.
2026-03-28 14:34:54,14,10,Medium Traffic,Sparse Crowd,road,afternoon,weekend,Moderate traffic flow. Monitor signal timing.
2026-03-28 14:34:54,13,8,Medium Traffic,Sparse Crowd,road,afternoon,weekend,Moderate traffic flow. Monitor signal timing.
2026-03-28 14:34:54,13,9,Medium Traffic,Sparse Crowd,road,afternoon,weekend,Moderate traffic flow. Monitor signal timing.
2026-03-28 14:34:54,14,8,Medium Traffic,Sparse Crowd,road,afternoon,weekend,Moderate traffic flow. Monitor signal timing.
2026-03-28 14:34:55,15,7,Medium Traffic,Sparse Crowd,road,afternoon,weekend,Moderate traffic flow. Monitor signal timing.
2026-03-28 14:34:55,14,9,Medium Traffic,Sparse Crowd,road,afternoon,weekend,Moderate traffic flow. Monitor signal timing.
2026-03-28 14:34:55,13,8,Medium Traffic,Sparse Crowd,road,afternoon,weekend,Moderate traffic flow. Monitor signal timing.
2026-03-28 14:34:55,12,5,Medium Traffic,Sparse Crowd,road,afternoon,weekend,Moderate traffic flow. Monitor signal timing.
2026-03-28 14:34:56,14,5,Medium Traffic,Sparse Crowd,road,afternoon,weekend,Moderate traffic flow. Monitor signal timing.
2026-03-28 14:34:56,15,7,Medium Traffic,Sparse Crowd,road,afternoon,weekend,Moderate traffic flow. Monitor signal timing.
2026-03-28 14:34:56,15,7,Medium Traffic,Sparse Crowd,road,afternoon,weekend,Moderate traffic flow. Monitor signal timing.
2026-03-28 14:34:56,15,8,Medium Traffic,Sparse Crowd,road,afternoon,weekend,Moderate traffic flow. Monitor signal timing.
2026-03-28 14:34:57,18,9,Medium Traffic,Sparse Crowd,road,afternoon,weekend,Moderate traffic flow. Monitor signal timing.
2026-03-28 14:34:57,17,7,Medium Traffic,Sparse Crowd,road,afternoon,weekend,Moderate traffic flow. Monitor signal timing.
2026-03-28 14:34:57,17,8,Medium Traffic,Sparse Crowd,road,afternoon,weekend,Moderate traffic flow. Monitor signal timing.
2026-03-28 14:34:58,17,6,Medium Traffic,Sparse Crowd,road,afternoon,weekend,Moderate traffic flow. Monitor signal timing.
2026-03-28 14:34:58,16,9,Medium Traffic,Sparse Crowd,road,afternoon,weekend,Moderate traffic flow. Monitor signal timing.
2026-03-28 14:34:58,16,10,Medium Traffic,Sparse Crowd,road,afternoon,weekend,Moderate traffic flow. Monitor signal timing.
2026-03-28 14:34:58,15,10,Medium Traffic,Sparse Crowd,road,afternoon,weekend,Moderate traffic flow. Monitor signal timing.
2026-03-28 14:34:59,13,9,Medium Traffic,Sparse Crowd,road,afternoon,weekend,Moderate traffic flow. Monitor signal timing.
2026-03-28 14:34:59,16,6,Medium Traffic,Sparse Crowd,road,afternoon,weekend,Moderate traffic flow. Monitor signal timing.
2026-03-28 14:34:59,18,8,Medium Traffic,Sparse Crowd,road,afternoon,weekend,Moderate traffic flow. Monitor signal timing.
2026-03-28 14:34:59,18,7,Medium Traffic,Sparse Crowd,road,afternoon,weekend,Moderate traffic flow. Monitor signal timing.
2026-03-28 14:35:00,16,6,Medium Traffic,Sparse Crowd,road,afternoon,weekend,Moderate traffic flow. Monitor signal timing.
2026-03-28 14:35:00,18,10,Medium Traffic,Sparse Crowd,road,afternoon,weekend,Moderate traffic flow. Monitor signal timing.
2026-03-28 14:35:00,15,8,Medium Traffic,Sparse Crowd,road,afternoon,weekend,Moderate traffic flow. Monitor signal timing.
2026-03-28 14:35:01,20,9,Medium Traffic,Sparse Crowd,road,afternoon,weekend,Moderate traffic flow. Monitor signal timing.
2026-03-28 14:35:01,18,7,Medium Traffic,Sparse Crowd,road,afternoon,weekend,Moderate traffic flow. Monitor signal timing.
2026-03-28 14:35:01,19,7,Medium Traffic,Sparse Crowd,road,afternoon,weekend,Moderate traffic flow. Monitor signal timing.
2026-03-28 14:35:01,20,8,Medium Traffic,Sparse Crowd,road,afternoon,weekend,Moderate traffic flow. Monitor signal timing.
2026-03-28 14:35:02,18,8,Medium Traffic,Sparse Crowd,road,afternoon,weekend,Moderate traffic flow. Monitor signal timing.
2026-03-28 14:35:02,18,4,Medium Traffic,Sparse Crowd,road,afternoon,weekend,Moderate traffic flow. Monitor signal timing.
2026-03-28 14:35:02,16,9,Medium Traffic,Sparse Crowd,road,afternoon,weekend,Moderate traffic flow. Monitor signal timing.
2026-03-28 14:35:02,17,6,Medium Traffic,Sparse Crowd,road,afternoon,weekend,Moderate traffic flow. Monitor signal timing.
2026-03-28 14:35:03,17,9,Medium Traffic,Sparse Crowd,road,afternoon,weekend,Moderate traffic flow. Monitor signal timing.
2026-03-28 14:35:03,16,9,Medium Traffic,Sparse Crowd,road,afternoon,weekend,Moderate traffic flow. Monitor signal timing.
2026-03-28 14:35:03,19,7,Medium Traffic,Sparse Crowd,road,afternoon,weekend,Moderate traffic flow. Monitor signal timing.
2026-03-28 14:35:04,16,9,Medium Traffic,Sparse Crowd,road,afternoon,weekend,Moderate traffic flow. Monitor signal timing.
2026-03-28 14:35:04,18,10,Medium Traffic,Sparse Crowd,road,afternoon,weekend,Moderate traffic flow. Monitor signal timing.
2026-03-28 14:35:04,18,6,Medium Traffic,Sparse Crowd,road,afternoon,weekend,Moderate traffic flow. Monitor signal timing.
2026-03-28 14:35:04,16,7,Medium Traffic,Sparse Crowd,road,afternoon,weekend,Moderate traffic flow. Monitor signal timing.
2026-03-28 14:35:05,17,9,Medium Traffic,Sparse Crowd,road,afternoon,weekend,Moderate traffic flow. Monitor signal timing.
2026-03-28 14:35:05,17,10,Medium Traffic,Sparse Crowd,road,afternoon,weekend,Moderate traffic flow. Monitor signal timing.
2026-03-28 14:35:05,16,9,Medium Traffic,Sparse Crowd,road,afternoon,weekend,Moderate traffic flow. Monitor signal timing.
2026-03-28 14:35:05,17,10,Medium Traffic,Sparse Crowd,road,afternoon,weekend,Moderate traffic flow. Monitor signal timing.
2026-03-28 14:35:06,17,10,Medium Traffic,Sparse Crowd,road,afternoon,weekend,Moderate traffic flow. Monitor signal timing.
2026-03-28 14:35:06,18,12,Medium Traffic,Sparse Crowd,road,afternoon,weekend,Moderate traffic flow. Monitor signal timing.
2026-03-28 14:35:06,19,11,Medium Traffic,Sparse Crowd,road,afternoon,weekend,Moderate traffic flow. Monitor signal timing.
2026-03-28 14:35:07,17,11,Medium Traffic,Sparse Crowd,road,afternoon,weekend,Moderate traffic flow. Monitor signal timing.
2026-03-28 14:35:07,18,8,Medium Traffic,Sparse Crowd,road,afternoon,weekend,Moderate traffic flow. Monitor signal timing.
2026-03-28 14:35:07,20,9,Medium Traffic,Sparse Crowd,road,afternoon,weekend,Moderate traffic flow. Monitor signal timing.
2026-03-28 14:35:07,18,10,Medium Traffic,Sparse Crowd,road,afternoon,weekend,Moderate traffic flow. Monitor signal timing.
2026-03-28 14:35:08,17,9,Medium Traffic,Sparse Crowd,road,afternoon,weekend,Moderate traffic flow. Monitor signal timing.
2026-03-28 14:35:08,19,10,Medium Traffic,Sparse Crowd,road,afternoon,weekend,Moderate traffic flow. Monitor signal timing.
2026-03-28 14:35:08,19,12,Medium Traffic,Sparse Crowd,road,afternoon,weekend,Moderate traffic flow. Monitor signal timing.
2026-03-28 14:35:09,18,11,Medium Traffic,Sparse Crowd,road,afternoon,weekend,Moderate traffic flow. Monitor signal timing.
2026-03-28 14:35:09,17,9,Medium Traffic,Sparse Crowd,road,afternoon,weekend,Moderate traffic flow. Monitor signal timing.
2026-03-28 14:35:09,18,9,Medium Traffic,Sparse Crowd,road,afternoon,weekend,Moderate traffic flow. Monitor signal timing.
2026-03-28 14:35:10,18,9,Medium Traffic,Sparse Crowd,road,afternoon,weekend,Moderate traffic flow. Monitor signal timing.
2026-03-28 14:35:10,18,8,Medium Traffic,Sparse Crowd,road,afternoon,weekend,Moderate traffic flow. Monitor signal timing.
2026-03-28 14:35:10,19,11,Medium Traffic,Sparse Crowd,road,afternoon,weekend,Moderate traffic flow. Monitor signal timing.
2026-03-28 14:35:11,19,10,Medium Traffic,Sparse Crowd,road,afternoon,weekend,Moderate traffic flow. Monitor signal timing.
2026-03-28 14:35:11,19,9,Medium Traffic,Sparse Crowd,road,afternoon,weekend,Moderate traffic flow. Monitor signal timing.
2026-03-28 14:35:11,19,10,Medium Traffic,Sparse Crowd,road,afternoon,weekend,Moderate traffic flow. Monitor signal timing.
2026-03-28 14:35:11,19,8,Medium Traffic,Sparse Crowd,road,afternoon,weekend,Moderate traffic flow. Monitor signal timing.
2026-03-28 14:35:12,20,9,Medium Traffic,Sparse Crowd,road,afternoon,weekend,Moderate traffic flow. Monitor signal timing.
2026-03-28 14:35:12,18,9,Medium Traffic,Sparse Crowd,road,afternoon,weekend,Moderate traffic flow. Monitor signal timing.
2026-03-28 14:35:12,19,7,Medium Traffic,Sparse Crowd,road,afternoon,weekend,Moderate traffic flow. Monitor signal timing.
2026-03-28 14:35:13,20,7,Medium Traffic,Sparse Crowd,road,afternoon,weekend,Moderate traffic flow. Monitor signal timing.
2026-03-28 14:35:13,20,7,Medium Traffic,Sparse Crowd,road,afternoon,weekend,Moderate traffic flow. Monitor signal timing.
2026-03-28 14:35:13,21,6,Medium Traffic,Sparse Crowd,road,afternoon,weekend,Moderate traffic flow. Monitor signal timing.
2026-03-28 14:35:14,19,8,Medium Traffic,Sparse Crowd,road,afternoon,weekend,Moderate traffic flow. Monitor signal timing.
2026-03-28 14:35:14,19,8,Medium Traffic,Sparse Crowd,road,afternoon,weekend,Moderate traffic flow. Monitor signal timing.
2026-03-28 14:35:14,16,9,Medium Traffic,Sparse Crowd,road,afternoon,weekend,Moderate traffic flow. Monitor signal timing.
2026-03-28 14:35:15,19,7,Medium Traffic,Sparse Crowd,road,afternoon,weekend,Moderate traffic flow. Monitor signal timing.
2026-03-28 14:35:15,19,9,Medium Traffic,Sparse Crowd,road,afternoon,weekend,Moderate traffic flow. Monitor signal timing.
2026-03-28 14:35:15,20,10,Medium Traffic,Sparse Crowd,road,afternoon,weekend,Moderate traffic flow. Monitor signal timing.
2026-03-28 14:35:16,19,8,Medium Traffic,Sparse Crowd,road,afternoon,weekend,Moderate traffic flow. Monitor signal timing.
2026-03-28 14:35:16,19,8,Medium Traffic,Sparse Crowd,road,afternoon,weekend,Moderate traffic flow. Monitor signal timing.
2026-03-28 14:35:16,20,10,Medium Traffic,Sparse Crowd,road,afternoon,weekend,Moderate traffic flow. Monitor signal timing.
2026-03-28 14:35:16,19,9,Medium Traffic,Sparse Crowd,road,afternoon,weekend,Moderate traffic flow. Monitor signal timing.
2026-03-28 14:35:17,19,6,Medium Traffic,Sparse Crowd,road,afternoon,weekend,Moderate traffic flow. Monitor signal timing.
2026-03-28 14:35:17,18,11,Medium Traffic,Sparse Crowd,road,afternoon,weekend,Moderate traffic flow. Monitor signal timing.
2026-03-28 14:35:17,21,11,Medium Traffic,Sparse Crowd,road,afternoon,weekend,Moderate traffic flow. Monitor signal timing.
2026-03-28 14:35:18,22,10,Medium Traffic,Sparse Crowd,road,afternoon,weekend,Moderate traffic flow. Monitor signal timing.
2026-03-28 14:35:18,23,11,Medium Traffic,Sparse Crowd,road,afternoon,weekend,Moderate traffic flow. Monitor signal timing.
2026-03-28 14:35:18,22,11,Medium Traffic,Sparse Crowd,road,afternoon,weekend,Moderate traffic flow. Monitor signal timing.
2026-03-28 14:35:18,24,7,Medium Traffic,Sparse Crowd,road,afternoon,weekend,Moderate traffic flow. Monitor signal timing.
2026-03-28 14:35:19,20,9,Medium Traffic,Sparse Crowd,road,afternoon,weekend,Moderate traffic flow. Monitor signal timing.
2026-03-28 14:35:19,23,10,Medium Traffic,Sparse Crowd,road,afternoon,weekend,Moderate traffic flow. Monitor signal timing.
2026-03-28 14:35:20,21,7,Medium Traffic,Sparse Crowd,road,afternoon,weekend,Moderate traffic flow. Monitor signal timing.
2026-03-28 14:35:20,23,5,Medium Traffic,Sparse Crowd,road,afternoon,weekend,Moderate traffic flow. Monitor signal timing.
2026-03-28 14:35:20,25,5,High Traffic,Sparse Crowd,road,afternoon,weekend,Low public activity. No action required.
2026-03-28 14:35:20,21,3,Medium Traffic,Sparse Crowd,road,afternoon,weekend,Moderate traffic flow. Monitor signal timing.
2026-03-28 14:35:21,20,5,Medium Traffic,Sparse Crowd,road,afternoon,weekend,Moderate traffic flow. Monitor signal timing.
2026-03-28 14:35:21,20,9,Medium Traffic,Sparse Crowd,road,afternoon,weekend,Moderate traffic flow. Monitor signal timing.
2026-03-28 14:35:21,23,7,Medium Traffic,Sparse Crowd,road,afternoon,weekend,Moderate traffic flow. Monitor signal timing.
2026-03-28 14:35:21,19,8,Medium Traffic,Sparse Crowd,road,afternoon,weekend,Moderate traffic flow. Monitor signal timing.
2026-03-28 14:35:22,19,6,Medium Traffic,Sparse Crowd,road,afternoon,weekend,Moderate traffic flow. Monitor signal timing.
2026-03-28 14:35:22,20,5,Medium Traffic,Sparse Crowd,road,afternoon,weekend,Moderate traffic flow. Monitor signal timing.
2026-03-28 14:35:22,20,7,Medium Traffic,Sparse Crowd,road,afternoon,weekend,Moderate traffic flow. Monitor signal timing.
2026-03-28 14:35:23,19,8,Medium Traffic,Sparse Crowd,road,afternoon,weekend,Moderate traffic flow. Monitor signal timing.
2026-03-28 14:35:23,22,5,Medium Traffic,Sparse Crowd,road,afternoon,weekend,Moderate traffic flow. Monitor signal timing.
2026-03-28 14:35:23,20,8,Medium Traffic,Sparse Crowd,road,afternoon,weekend,Moderate traffic flow. Monitor signal timing.
2026-03-28 14:35:23,21,7,Medium Traffic,Sparse Crowd,road,afternoon,weekend,Moderate traffic flow. Monitor signal timing.
2026-03-28 14:35:24,20,9,Medium Traffic,Sparse Crowd,road,afternoon,weekend,Moderate traffic flow. Monitor signal timing.
2026-03-28 14:35:24,19,7,Medium Traffic,Sparse Crowd,road,afternoon,weekend,Moderate traffic flow. Monitor signal timing.
2026-03-28 14:35:24,18,9,Medium Traffic,Sparse Crowd,road,afternoon,weekend,Moderate traffic flow. Monitor signal timing.
2026-03-28 14:35:24,21,8,Medium Traffic,Sparse Crowd,road,afternoon,weekend,Moderate traffic flow. Monitor signal timing.
2026-03-28 14:35:25,22,6,Medium Traffic,Sparse Crowd,road,afternoon,weekend,Moderate traffic flow. Monitor signal timing.
2026-03-28 14:35:25,23,10,Medium Traffic,Sparse Crowd,road,afternoon,weekend,Moderate traffic flow. Monitor signal timing.
2026-03-28 14:35:26,21,4,Medium Traffic,Sparse Crowd,road,afternoon,weekend,Moderate traffic flow. Monitor signal timing.
2026-03-28 14:35:26,20,5,Medium Traffic,Sparse Crowd,road,afternoon,weekend,Moderate traffic flow. Monitor signal timing.
2026-03-28 14:35:27,22,8,Medium Traffic,Sparse Crowd,road,afternoon,weekend,Moderate traffic flow. Monitor signal timing.
2026-03-28 14:35:27,21,10,Medium Traffic,Sparse Crowd,road,afternoon,weekend,Moderate traffic flow. Monitor signal timing.
2026-03-28 14:35:27,20,8,Medium Traffic,Sparse Crowd,road,afternoon,weekend,Moderate traffic flow. Monitor signal timing.
2026-03-28 14:35:28,22,7,Medium Traffic,Sparse Crowd,road,afternoon,weekend,Moderate traffic flow. Monitor signal timing.
2026-03-28 14:35:28,21,7,Medium Traffic,Sparse Crowd,road,afternoon,weekend,Moderate traffic flow. Monitor signal timing.
2026-03-28 14:35:28,24,7,Medium Traffic,Sparse Crowd,road,afternoon,weekend,Moderate traffic flow. Monitor signal timing.
2026-03-28 14:35:28,21,9,Medium Traffic,Sparse Crowd,road,afternoon,weekend,Moderate traffic flow. Monitor signal timing.
2026-03-28 14:35:29,20,6,Medium Traffic,Sparse Crowd,road,afternoon,weekend,Moderate traffic flow. Monitor signal timing.
2026-03-28 14:35:29,20,7,Medium Traffic,Sparse Crowd,road,afternoon,weekend,Moderate traffic flow. Monitor signal timing.
2026-03-28 14:35:29,20,8,Medium Traffic,Sparse Crowd,road,afternoon,weekend,Moderate traffic flow. Monitor signal timing.
2026-03-28 14:35:29,18,7,Medium Traffic,Sparse Crowd,road,afternoon,weekend,Moderate traffic flow. Monitor signal timing.
2026-03-28 14:35:30,17,8,Medium Traffic,Sparse Crowd,road,afternoon,weekend,Moderate traffic flow. Monitor signal timing.
2026-03-28 14:35:30,21,8,Medium Traffic,Sparse Crowd,road,afternoon,weekend,Moderate traffic flow. Monitor signal timing.
2026-03-28 14:35:30,17,6,Medium Traffic,Sparse Crowd,road,afternoon,weekend,Moderate traffic flow. Monitor signal timing.
2026-03-28 14:35:31,18,7,Medium Traffic,Sparse Crowd,road,afternoon,weekend,Moderate traffic flow. Monitor signal timing.
2026-03-28 14:35:31,17,7,Medium Traffic,Sparse Crowd,road,afternoon,weekend,Moderate traffic flow. Monitor signal timing.
2026-03-28 14:35:31,17,8,Medium Traffic,Sparse Crowd,road,afternoon,weekend,Moderate traffic flow. Monitor signal timing.
2026-03-28 14:35:31,18,8,Medium Traffic,Sparse Crowd,road,afternoon,weekend,Moderate traffic flow. Monitor signal timing.
2026-03-28 14:35:32,21,7,Medium Traffic,Sparse Crowd,road,afternoon,weekend,Moderate traffic flow. Monitor signal timing.
